name,time_window,freq_band,priority,top1,top5,mean_rank,median_rank,top1_drop,top5_drop
baseline,,,control,0.6899999976158142,0.9449999928474426,2.055000066757202,1.0,,
T1_50-150ms__low_gamma,T1_50-150ms,low_gamma,5,0.6899999976158142,0.9350000023841858,2.1600000858306885,1.0,0.0,0.01
T1_50-150ms__gamma,T1_50-150ms,gamma,5,0.6800000071525574,0.9350000023841858,2.0999999046325684,1.0,0.01,0.01
T2_150-300ms__low_gamma,T2_150-300ms,low_gamma,5,0.6850000023841858,0.9449999928474426,2.1600000858306885,1.0,0.005,0.0
T2_150-300ms__gamma,T2_150-300ms,gamma,5,0.6899999976158142,0.9350000023841858,2.065000057220459,1.0,0.0,0.01
T2_150-300ms__beta,T2_150-300ms,beta,4,0.5799999833106995,0.8999999761581421,2.9700000286102295,1.0,0.11,0.045
full_mask_all,T_full,all_bands,control,0.0,0.019999999552965164,97.86000061035156,97.0,0.69,0.925
random_control,T1_50-150ms,delta,control,0.6899999976158142,0.9449999928474426,2.055000066757202,1.0,0.0,0.0
full_time_gamma,T_full,gamma,control,0.6949999928474426,0.949999988079071,2.0450000762939453,1.0,-0.005,-0.005
